"Refs","Value","Footprint","Qty"
"C_BTA?,C_BTB?,C_MCU1,C_NRST?,C_TAP1-C_TAP3","100nF","Capacitor_SMD:C_0805_2012Metric_Pad1.18x1.45mm_HandSolder","7"
"C_LDO1,C_LDO2,C_VIN1-C_VIN4","10uF","Capacitor_SMD:C_0805_2012Metric_Pad1.18x1.45mm_HandSolder","6"
"C_MCU2","4u7","Capacitor_SMD:C_0805_2012Metric_Pad1.18x1.45mm_HandSolder","1"
"C_OA1,C_OA2,C_OB1,C_OB2","22uF 25V","Capacitor_SMD:C_1206_3216Metric_Pad1.33x1.80mm_HandSolder","4"
"D_GZ1","BZT52C12","Diode_SMD:D_SOD-123","1"
"D_TVS1","SMBJ15A","Diode_SMD:D_SMB","1"
"F_IN1","5A fuse","Fuse:Fuse_1206_3216Metric_Pad1.42x1.75mm_HandSolder","1"
"J_BAL1","BAL","Connector_JST:JST_XH_B4B-XH-A_1x04_P2.50mm_Vertical","1"
"J_KEY1","KEY","Connector_JST:JST_XH_B2B-XH-A_1x02_P2.50mm_Vertical","1"
"J_PWR1","PWR","Connector_JST:JST_XH_B6B-XH-A_1x06_P2.50mm_Vertical","1"
"L_A?,L_B?","10uH 2A","Inductor_SMD:L_Bourns_SRN6045TA","2"
"Q_KILL?","BSS138","Package_TO_SOT_SMD:SOT-23","1"
"Q_REV1","AO3407A","Package_TO_SOT_SMD:SOT-23","1"
"R_BOOT?,R_FBB2","10k","Resistor_SMD:R_0805_2012Metric_Pad1.20x1.40mm_HandSolder","2"
"R_EN1,R_GK?,R_REV1","100k","Resistor_SMD:R_0805_2012Metric_Pad1.20x1.40mm_HandSolder","3"
"R_EN2","47k","Resistor_SMD:R_0805_2012Metric_Pad1.20x1.40mm_HandSolder","1"
"R_FBA1","30k","Resistor_SMD:R_0805_2012Metric_Pad1.20x1.40mm_HandSolder","1"
"R_FBA2","5k1","Resistor_SMD:R_0805_2012Metric_Pad1.20x1.40mm_HandSolder","1"
"R_FBB1","75k","Resistor_SMD:R_0805_2012Metric_Pad1.20x1.40mm_HandSolder","1"
"R_KILL?","1k","Resistor_SMD:R_0805_2012Metric_Pad1.20x1.40mm_HandSolder","1"
"R_TB1,R_TT2,R_TT3,R_TT3B?","1M","Resistor_SMD:R_0805_2012Metric_Pad1.20x1.40mm_HandSolder","4"
"R_TB2,R_TB3,R_TT1","470k","Resistor_SMD:R_0805_2012Metric_Pad1.20x1.40mm_HandSolder","3"
"U_BA?,U_BB?","TPS54302DDCR","Package_TO_SOT_SMD:TSOT-23-6","2"
"U_LDO?","HT7533-1","Package_TO_SOT_SMD:SOT-89-3","1"
"U_MCU?","STM32C071KBTx","Package_QFP:LQFP-32_7x7mm_P0.8mm","1"
