Comment,Designator,Footprint,LCSC Part #
100nF,"C_BTA,C_BTB,C_MCU1,C_NRST,C_TAP1,C_TAP2,C_TAP3",C_0805_2012Metric_Pad1.18x1.45mm_HandSolder,C49678
10uF,"C_LDO1,C_LDO2,C_VIN1,C_VIN2,C_VIN3,C_VIN4",C_0805_2012Metric_Pad1.18x1.45mm_HandSolder,C15850
4u7,C_MCU2,C_0805_2012Metric_Pad1.18x1.45mm_HandSolder,C1779
22uF 25V,"C_OA1,C_OA2,C_OB1,C_OB2",C_1206_3216Metric_Pad1.33x1.80mm_HandSolder,C12891
MMSZ5240B,D_GZ1,D_SOD-123,C19077425
SMBJ15A,D_TVS1,D_SMB,C19077569
5A fuse,F_IN1,Fuse_1206_3216Metric_Pad1.42x1.75mm_HandSolder,C48332
BAL,J_BAL1,JST_XH_B4B-XH-A_1x04_P2.50mm_Vertical,C144395
KEY,J_KEY1,JST_XH_B2B-XH-A_1x02_P2.50mm_Vertical,C158012
PWR,J_PWR1,JST_XH_B6B-XH-A_1x06_P2.50mm_Vertical,C144397
10uH 2A,"L_A,L_B",L_Bourns_SRN6045TA,C2046332
BSS138,Q_KILL,SOT-23,C7420339
AO3401A,Q_REV1,SOT-23,C15127
10k,"R_BOOT,R_FBB2",R_0805_2012Metric_Pad1.20x1.40mm_HandSolder,C17414
100k,"R_EN1,R_GK,R_REV1",R_0805_2012Metric_Pad1.20x1.40mm_HandSolder,C149504
47k,R_EN2,R_0805_2012Metric_Pad1.20x1.40mm_HandSolder,C17713
30k,R_FBA1,R_0805_2012Metric_Pad1.20x1.40mm_HandSolder,C17621
5k1,R_FBA2,R_0805_2012Metric_Pad1.20x1.40mm_HandSolder,C27834
75k,R_FBB1,R_0805_2012Metric_Pad1.20x1.40mm_HandSolder,C17819
1k,R_KILL,R_0805_2012Metric_Pad1.20x1.40mm_HandSolder,C17513
1M,"R_TB1,R_TT2,R_TT3,R_TT3B",R_0805_2012Metric_Pad1.20x1.40mm_HandSolder,C17514
470k,"R_TB2,R_TB3,R_TT1",R_0805_2012Metric_Pad1.20x1.40mm_HandSolder,C17709
TPS54302DDCR,"U_BA,U_BB",TSOT-23-6,C311983
HT7533-1,U_LDO,SOT-89-3,C14289
STM32C071KBTx,U_MCU,LQFP-32_7x7mm_P0.8mm,C42116633
