Designator,Mid X,Mid Y,Layer,Rotation
C_BTA,34.0000mm,-18.0000mm,Top,0
C_BTB,34.0000mm,-37.0000mm,Top,0
C_LDO1,9.0000mm,-40.0000mm,Top,0
C_LDO2,13.5000mm,-40.0000mm,Top,0
C_MCU1,14.5000mm,-36.0000mm,Top,0
C_MCU2,20.0000mm,-36.0000mm,Top,0
C_NRST,25.5000mm,-36.0000mm,Top,0
C_OA1,53.0000mm,-22.0000mm,Top,90
C_OA2,53.0000mm,-29.0000mm,Top,90
C_OB1,53.0000mm,-41.0000mm,Top,90
C_OB2,53.0000mm,-47.0000mm,Top,90
C_TAP1,16.0000mm,-14.0000mm,Top,0
C_TAP2,28.0000mm,-14.0000mm,Top,0
C_TAP3,56.0000mm,-14.0000mm,Top,0
C_VIN1,33.0000mm,-22.0000mm,Top,0
C_VIN2,33.0000mm,-26.0000mm,Top,0
C_VIN3,33.0000mm,-41.0000mm,Top,0
C_VIN4,33.0000mm,-45.0000mm,Top,0
D_GZ1,17.5000mm,-22.0000mm,Top,0
D_TVS1,24.0000mm,-18.0000mm,Top,0
F_IN1,12.0000mm,-18.0000mm,Top,0
J_BAL1,38.7500mm,-5.0250mm,Top,0
J_KEY1,66.5250mm,-12.7500mm,Top,90
J_PWR1,66.5250mm,-26.7500mm,Top,90
L_A,45.0000mm,-27.0000mm,Top,0
L_B,45.0000mm,-46.0000mm,Top,0
Q_KILL,61.0000mm,-20.0000mm,Top,0
Q_REV1,17.5000mm,-18.0000mm,Top,0
R_BOOT,30.0000mm,-33.0000mm,Top,0
R_EN1,57.0000mm,-20.0000mm,Top,0
R_EN2,57.0000mm,-25.0000mm,Top,0
R_FBA1,39.0000mm,-27.0000mm,Top,0
R_FBA2,39.0000mm,-31.0000mm,Top,0
R_FBB1,39.0000mm,-46.0000mm,Top,0
R_FBB2,39.0000mm,-48.0000mm,Top,0
R_GK,61.0000mm,-25.0000mm,Top,0
R_KILL,57.0000mm,-30.0000mm,Top,0
R_REV1,12.0000mm,-22.0000mm,Top,0
R_TB1,12.0000mm,-14.0000mm,Top,0
R_TB2,24.0000mm,-14.0000mm,Top,0
R_TB3,52.0000mm,-14.0000mm,Top,0
R_TT1,12.0000mm,-10.0000mm,Top,0
R_TT2,24.0000mm,-10.0000mm,Top,0
R_TT3,48.0000mm,-10.0000mm,Top,0
R_TT3B,48.0000mm,-14.0000mm,Top,0
U_BA,38.0000mm,-22.0000mm,Top,0
U_BB,38.0000mm,-41.0000mm,Top,0
U_LDO,8.7000mm,-36.0000mm,Top,0
U_MCU,22.0000mm,-44.0000mm,Top,0
