0805W8F1001T5E;6
0805W8F1002T5E;8
0805W8F1003T5E;4
0805W8F1004T5E;4
0805W8F100JT5E;8
0805W8F2402T5E;1
0805W8F3002T5E;1
0805W8F4701T5E;2
0805W8F5101T5E;3
0805W8F7502T5E;1
1206L200PR;1
1206W4F0000T5E;3
1N5819HW-7-F;5
AO3401A;8
B2B-XH-A (LF)(SN);1
B3F-1000;2
B6B-XH-A;1
BQ25601RTWT;1
BSS138LT1G;4
CC0805KRX7R9BB104;7
CL21A106KAYNNNE;4
CL21A475KAQNNNE;2
CL21B105KBFNNNE;3
CL21B473KBCNNNC;1
CL31A226KAHNNNE;3
DFE322520FD-1R5M=P2;1
ERJ8BWFR010V;4
INA228AIDGSR;4
KP-2012EC;1
KP-2012SGC;1
MCP1640T-I/CHY;1
NTCS0603E3103FLT;1
SF-1206F500-2;4
SRN60454R7Y-BOU-0;1
SS34-YAN;4
STM32L072KZT6;1
USB4085-GF-A;1
XC6206P332MR-G;1
