CL21A106KAYNNNE;4
CL21B473KBCNNNC;1
CL31A226KAHNNNE;3
CL21B105KBFNNNE;2
CC0805KRX7R9BB104;4
CL21A475KAQNNNE;2
SS34-YAN;5
1N5819HW-7-F;5
SF-1206F500-2;4
1206L200PR;1
B2B-XH-A (LF)(SN);1
B6B-XH-A;1
USB4105-GF-A;1
SRN6045TA-100M;1
KP-2012SGC;1
KP-2012EC;1
DFE322520FD-1R5M=P2;1
AO3401A;8
BSS138LT1G;4
SMD0805-5K1-1%;3
SMD0805-30K-1%;1
SMD0805-10K-1%;10
SMD1206-0R;3
SMD0805-75K-1%;1
SMD0805-1M-1%;4
SMD0805-1K-1%;6
SMD0805-100K-1%;4
SMD0805-4K7-1%;2
ERJ8BWFR010V;4
SMD0805-10R-1%;8
BQ25601RTWT;1
XC6206P332MR-G;1
PAC1934T-I/JQ;1
NTCS0603E3103FLT;1
