CC0805KRX7R9BB104;4
CL21A106KAYNNNE;4
CL21B473KBCNNNC;1
CL31A226KAHNNNE;3
CL21B105KAFNNNE;2
CL21A475KAQNNNE;1
SSA34-E3/61T;5
1N5819HW-7-F;5
C1F-5;4
1206L200PR;1
B2B-XH-A (LF)(SN);1
B6B-XH-A;1
USB4105-GF-A;1
SRN6045100M-BOU-0;1
KP-2012EC;1
DFE322520FD-1R5M=P2;1
AO3401A;8
BSS138LT1G;4
SMD0805-5K1-1%;3
SMD0805-30K-1%;1
SMD0805-10K-1%;9
SMD1206-0R;3
SMD0805-75K-1%;1
SMD0805-1M-1%;8
SMD0805-47K-1%;1
ERJ8BWFR010V;4
SMD0805-10R-1%;8
SMD0805-1K-1%;5
ADS1115IDGSR;1
BQ25601RTWT;1
TCA9534PWR;1
XC6206P332MR-G;1
PAC1934T-I/JQ;1
NTCS0603E3103FLT;1
