1206L200PR;1
1N4148W-DIO;1
1N5819HW-7-F;5
AO3401A;9
AP7381-33SA-7;1
B2B-XH-A (LF)(SN);5
B3F-1000;2
B4B-XH-A (LF)(SN);5
B6B-XH-A;3
BQ25601RTWT;1
BSS138LT1G;10
C1F-5;5
CC0805KRX7R9BB104;28
CC0805KRX7R9BB222;7
CL21A106KAYNNNE;16
CL21A225KAFNNNE;7
CL21A475KAQNNNE;8
CL21B105KAFNNNE;11
CL21B473KBCNNNC;6
CL31A107MQHNNNE;7
CL31A226KAHNNNE;12
CL31A476MPHNNNE;7
DFE322520FD-1R5M=P2;1
ERJ8BWFR010V;4
INA226AIDGSR;4
KP-2012EC;1
KP-2012SGC;1
MCP1640T-I/CHY;1
MMSZ5240BT1G;1
NTCS0603E3103FLT;6
PAM8302AADCR;1
SMBJ15A-TSC;1
SMD0805-0R;100
SMD0805-100K-1%;100
SMD0805-10K-1%;100
SMD0805-10R-1%;100
SMD0805-1K-1%;100
SMD0805-1M-1%;100
SMD0805-22K-1%;100
SMD0805-240K-1%;100
SMD0805-24K-1%;100
SMD0805-30K-1%;100
SMD0805-470K-1%;100
SMD0805-470R-1%;100
SMD0805-47K-1%;100
SMD0805-4K7-1%;100
SMD0805-56K-1%;100
SMD0805-5K1-1%;100
SMD0805-75K-1%;100
SMD1206-0R;100
SRN6045-3R3Y;3
SSA34-E3/61T;4
STM32L072KZT6;2
TCA9534PWR;1
TPS563200DDCR;2
USB4085-GF-A;1
XC6206P332MR-G;1
ZL262-18SG;2
